pca_1,pca_2,pca_3,pca_4,umap_1,umap_2,tsne_1,tsne_2
0.92878914,0.07200636,0.22109899,0.27231026,0.35117912,-0.07878327,0.16407024552680066,0.1986365686299605
0.9381232,0.30164617,0.026377074,0.43637452,0.5227891,0.15935934,0.49671266510588885,0.02839358011805867
0.9317125,0.20491642,0.1808807,0.35607064,0.40667987,-0.25621986,0.39048187386193445,0.49676986389212485