pca_1,pca_2,pca_3,pca_4,umap_1,umap_2,tsne_1,tsne_2
0.93429697,-0.013587162,0.07135894,0.5486406,0.27600825,0.44487536,0.3588257270613559,-0.4519206357833884
0.9365769,-0.07189764,0.077680945,0.3353931,-0.010398388,0.4344536,-0.08191483717869656,-0.3160242774148638
0.8938919,-0.10100889,0.16663171,0.5110347,-0.028684974,0.30495894,-0.10819866698245109,-0.262778039363111
0.9165611,-0.13018623,0.10664324,0.22172563,-0.038452625,0.5460043,-0.13562216426727128,-0.4091770175597786
0.9100312,-0.059196636,0.09250181,0.32043228,0.21895015,0.4505087,-0.0009358663260258882,-0.6254777418597811
0.8995627,0.001626417,0.15434188,0.33493558,0.1880995,0.103464246,-0.04592879320774234,0.011337310416822297
